id	title
ENCPOS	Les positions des thèses de l'Ecole nationale des chartes
ENCPOS_1849	Les positions des thèses de l'Ecole nationale des chartes de 1849
ENCPOS_1850	Les positions des thèses de l'Ecole nationale des chartes de 1850
ENCPOS_1851	Les positions des thèses de l'Ecole nationale des chartes de 1851
ENCPOS_1852	Les positions des thèses de l'Ecole nationale des chartes de 1852
ENCPOS_1853	Les positions des thèses de l'Ecole nationale des chartes de 1853
ENCPOS_1854	Les positions des thèses de l'Ecole nationale des chartes de 1854
ENCPOS_1855	Les positions des thèses de l'Ecole nationale des chartes de 1855
ENCPOS_1856	Les positions des thèses de l'Ecole nationale des chartes de 1856
ENCPOS_1857	Les positions des thèses de l'Ecole nationale des chartes de 1857
ENCPOS_1858	Les positions des thèses de l'Ecole nationale des chartes de 1858
ENCPOS_1859	Les positions des thèses de l'Ecole nationale des chartes de 1859
ENCPOS_1860	Les positions des thèses de l'Ecole nationale des chartes de 1860
ENCPOS_1861	Les positions des thèses de l'Ecole nationale des chartes de 1861
ENCPOS_1862	Les positions des thèses de l'Ecole nationale des chartes de 1862
ENCPOS_1863	Les positions des thèses de l'Ecole nationale des chartes de 1863
ENCPOS_1864	Les positions des thèses de l'Ecole nationale des chartes de 1864
ENCPOS_1865	Les positions des thèses de l'Ecole nationale des chartes de 1865
ENCPOS_1866	Les positions des thèses de l'Ecole nationale des chartes de 1866
ENCPOS_1867	Les positions des thèses de l'Ecole nationale des chartes de 1867
ENCPOS_1868	Les positions des thèses de l'Ecole nationale des chartes de 1868
ENCPOS_1869	Les positions des thèses de l'Ecole nationale des chartes de 1869
ENCPOS_1870	Les positions des thèses de l'Ecole nationale des chartes de 1870
ENCPOS_1871	Les positions des thèses de l'Ecole nationale des chartes de 1871
ENCPOS_1872	Les positions des thèses de l'Ecole nationale des chartes de 1872
ENCPOS_1873	Les positions des thèses de l'Ecole nationale des chartes de 1873
ENCPOS_1874	Les positions des thèses de l'Ecole nationale des chartes de 1874
ENCPOS_1875	Les positions des thèses de l'Ecole nationale des chartes de 1875
ENCPOS_1876	Les positions des thèses de l'Ecole nationale des chartes de 1876
ENCPOS_1877	Les positions des thèses de l'Ecole nationale des chartes de 1877
ENCPOS_1878	Les positions des thèses de l'Ecole nationale des chartes de 1878
ENCPOS_1879	Les positions des thèses de l'Ecole nationale des chartes de 1879
ENCPOS_1880	Les positions des thèses de l'Ecole nationale des chartes de 1880
ENCPOS_1881	Les positions des thèses de l'Ecole nationale des chartes de 1881
ENCPOS_1882	Les positions des thèses de l'Ecole nationale des chartes de 1882
ENCPOS_1883	Les positions des thèses de l'Ecole nationale des chartes de 1883
ENCPOS_1884	Les positions des thèses de l'Ecole nationale des chartes de 1884
ENCPOS_1885	Les positions des thèses de l'Ecole nationale des chartes de 1885
ENCPOS_1886	Les positions des thèses de l'Ecole nationale des chartes de 1886
ENCPOS_1887	Les positions des thèses de l'Ecole nationale des chartes de 1887
ENCPOS_1888	Les positions des thèses de l'Ecole nationale des chartes de 1888
ENCPOS_1889	Les positions des thèses de l'Ecole nationale des chartes de 1889
ENCPOS_1890	Les positions des thèses de l'Ecole nationale des chartes de 1890
ENCPOS_1891	Les positions des thèses de l'Ecole nationale des chartes de 1891
ENCPOS_1892	Les positions des thèses de l'Ecole nationale des chartes de 1892
ENCPOS_1893	Les positions des thèses de l'Ecole nationale des chartes de 1893
ENCPOS_1894	Les positions des thèses de l'Ecole nationale des chartes de 1894
ENCPOS_1895	Les positions des thèses de l'Ecole nationale des chartes de 1895
ENCPOS_1896	Les positions des thèses de l'Ecole nationale des chartes de 1896
ENCPOS_1897	Les positions des thèses de l'Ecole nationale des chartes de 1897
ENCPOS_1898	Les positions des thèses de l'Ecole nationale des chartes de 1898
ENCPOS_1899	Les positions des thèses de l'Ecole nationale des chartes de 1899
ENCPOS_1900	Les positions des thèses de l'Ecole nationale des chartes de 1900
ENCPOS_1901	Les positions des thèses de l'Ecole nationale des chartes de 1901
ENCPOS_1902	Les positions des thèses de l'Ecole nationale des chartes de 1902
ENCPOS_1903	Les positions des thèses de l'Ecole nationale des chartes de 1903
ENCPOS_1904	Les positions des thèses de l'Ecole nationale des chartes de 1904
ENCPOS_1905	Les positions des thèses de l'Ecole nationale des chartes de 1905
ENCPOS_1906	Les positions des thèses de l'Ecole nationale des chartes de 1906
ENCPOS_1907	Les positions des thèses de l'Ecole nationale des chartes de 1907
ENCPOS_1908	Les positions des thèses de l'Ecole nationale des chartes de 1908
ENCPOS_1909	Les positions des thèses de l'Ecole nationale des chartes de 1909
ENCPOS_1910	Les positions des thèses de l'Ecole nationale des chartes de 1910
ENCPOS_1911	Les positions des thèses de l'Ecole nationale des chartes de 1911
ENCPOS_1912	Les positions des thèses de l'Ecole nationale des chartes de 1912
ENCPOS_1913	Les positions des thèses de l'Ecole nationale des chartes de 1913
ENCPOS_1914	Les positions des thèses de l'Ecole nationale des chartes de 1914
ENCPOS_1915	Les positions des thèses de l'Ecole nationale des chartes de 1915
ENCPOS_1916	Les positions des thèses de l'Ecole nationale des chartes de 1916
ENCPOS_1917	Les positions des thèses de l'Ecole nationale des chartes de 1917
ENCPOS_1918	Les positions des thèses de l'Ecole nationale des chartes de 1918
ENCPOS_1919	Les positions des thèses de l'Ecole nationale des chartes de 1919
ENCPOS_1920	Les positions des thèses de l'Ecole nationale des chartes de 1920
ENCPOS_1921	Les positions des thèses de l'Ecole nationale des chartes de 1921
ENCPOS_1922	Les positions des thèses de l'Ecole nationale des chartes de 1922
ENCPOS_1923	Les positions des thèses de l'Ecole nationale des chartes de 1923
ENCPOS_1924	Les positions des thèses de l'Ecole nationale des chartes de 1924
ENCPOS_1925	Les positions des thèses de l'Ecole nationale des chartes de 1925
ENCPOS_1926	Les positions des thèses de l'Ecole nationale des chartes de 1926
ENCPOS_1927	Les positions des thèses de l'Ecole nationale des chartes de 1927
ENCPOS_1928	Les positions des thèses de l'Ecole nationale des chartes de 1928
ENCPOS_1929	Les positions des thèses de l'Ecole nationale des chartes de 1929
ENCPOS_1930	Les positions des thèses de l'Ecole nationale des chartes de 1930
ENCPOS_1931	Les positions des thèses de l'Ecole nationale des chartes de 1931
ENCPOS_1932	Les positions des thèses de l'Ecole nationale des chartes de 1932
ENCPOS_1933	Les positions des thèses de l'Ecole nationale des chartes de 1933
ENCPOS_1934	Les positions des thèses de l'Ecole nationale des chartes de 1934
ENCPOS_1935	Les positions des thèses de l'Ecole nationale des chartes de 1935
ENCPOS_1936	Les positions des thèses de l'Ecole nationale des chartes de 1936
ENCPOS_1937	Les positions des thèses de l'Ecole nationale des chartes de 1937
ENCPOS_1938	Les positions des thèses de l'Ecole nationale des chartes de 1938
ENCPOS_1939	Les positions des thèses de l'Ecole nationale des chartes de 1939
ENCPOS_1940	Les positions des thèses de l'Ecole nationale des chartes de 1940
ENCPOS_1941	Les positions des thèses de l'Ecole nationale des chartes de 1941
ENCPOS_1942	Les positions des thèses de l'Ecole nationale des chartes de 1942
ENCPOS_1943	Les positions des thèses de l'Ecole nationale des chartes de 1943
ENCPOS_1944	Les positions des thèses de l'Ecole nationale des chartes de 1944
ENCPOS_1945	Les positions des thèses de l'Ecole nationale des chartes de 1945
ENCPOS_1946	Les positions des thèses de l'Ecole nationale des chartes de 1946
ENCPOS_1947	Les positions des thèses de l'Ecole nationale des chartes de 1947
ENCPOS_1948	Les positions des thèses de l'Ecole nationale des chartes de 1948
ENCPOS_1949	Les positions des thèses de l'Ecole nationale des chartes de 1949
ENCPOS_1950	Les positions des thèses de l'Ecole nationale des chartes de 1950
ENCPOS_1951	Les positions des thèses de l'Ecole nationale des chartes de 1951
ENCPOS_1952	Les positions des thèses de l'Ecole nationale des chartes de 1952
ENCPOS_1953	Les positions des thèses de l'Ecole nationale des chartes de 1953
ENCPOS_1954	Les positions des thèses de l'Ecole nationale des chartes de 1954
ENCPOS_1955	Les positions des thèses de l'Ecole nationale des chartes de 1955
ENCPOS_1956	Les positions des thèses de l'Ecole nationale des chartes de 1956
ENCPOS_1957	Les positions des thèses de l'Ecole nationale des chartes de 1957
ENCPOS_1958	Les positions des thèses de l'Ecole nationale des chartes de 1958
ENCPOS_1959	Les positions des thèses de l'Ecole nationale des chartes de 1959
ENCPOS_1960	Les positions des thèses de l'Ecole nationale des chartes de 1960
ENCPOS_1961	Les positions des thèses de l'Ecole nationale des chartes de 1961
ENCPOS_1962	Les positions des thèses de l'Ecole nationale des chartes de 1962
ENCPOS_1963	Les positions des thèses de l'Ecole nationale des chartes de 1963
ENCPOS_1964	Les positions des thèses de l'Ecole nationale des chartes de 1964
ENCPOS_1965	Les positions des thèses de l'Ecole nationale des chartes de 1965
ENCPOS_1966	Les positions des thèses de l'Ecole nationale des chartes de 1966
ENCPOS_1967	Les positions des thèses de l'Ecole nationale des chartes de 1967
ENCPOS_1968	Les positions des thèses de l'Ecole nationale des chartes de 1968
ENCPOS_1969	Les positions des thèses de l'Ecole nationale des chartes de 1969
ENCPOS_1970	Les positions des thèses de l'Ecole nationale des chartes de 1970
ENCPOS_1971	Les positions des thèses de l'Ecole nationale des chartes de 1971
ENCPOS_1972	Les positions des thèses de l'Ecole nationale des chartes de 1972
ENCPOS_1973	Les positions des thèses de l'Ecole nationale des chartes de 1973
ENCPOS_1974	Les positions des thèses de l'Ecole nationale des chartes de 1974
ENCPOS_1975	Les positions des thèses de l'Ecole nationale des chartes de 1975
ENCPOS_1976	Les positions des thèses de l'Ecole nationale des chartes de 1976
ENCPOS_1977	Les positions des thèses de l'Ecole nationale des chartes de 1977
ENCPOS_1978	Les positions des thèses de l'Ecole nationale des chartes de 1978
ENCPOS_1979	Les positions des thèses de l'Ecole nationale des chartes de 1979
ENCPOS_1980	Les positions des thèses de l'Ecole nationale des chartes de 1980
ENCPOS_1981	Les positions des thèses de l'Ecole nationale des chartes de 1981
ENCPOS_1982	Les positions des thèses de l'Ecole nationale des chartes de 1982
ENCPOS_1983	Les positions des thèses de l'Ecole nationale des chartes de 1983
ENCPOS_1984	Les positions des thèses de l'Ecole nationale des chartes de 1984
ENCPOS_1985	Les positions des thèses de l'Ecole nationale des chartes de 1985
ENCPOS_1986	Les positions des thèses de l'Ecole nationale des chartes de 1986
ENCPOS_1987	Les positions des thèses de l'Ecole nationale des chartes de 1987
ENCPOS_1988	Les positions des thèses de l'Ecole nationale des chartes de 1988
ENCPOS_1989	Les positions des thèses de l'Ecole nationale des chartes de 1989
ENCPOS_1990	Les positions des thèses de l'Ecole nationale des chartes de 1990
ENCPOS_1991	Les positions des thèses de l'Ecole nationale des chartes de 1991
ENCPOS_1992	Les positions des thèses de l'Ecole nationale des chartes de 1992
ENCPOS_1993	Les positions des thèses de l'Ecole nationale des chartes de 1993
ENCPOS_1994	Les positions des thèses de l'Ecole nationale des chartes de 1994
ENCPOS_1995	Les positions des thèses de l'Ecole nationale des chartes de 1995
ENCPOS_1996	Les positions des thèses de l'Ecole nationale des chartes de 1996
ENCPOS_1997	Les positions des thèses de l'Ecole nationale des chartes de 1997
ENCPOS_1998	Les positions des thèses de l'Ecole nationale des chartes de 1998
ENCPOS_1999	Les positions des thèses de l'Ecole nationale des chartes de 1999
ENCPOS_2000	Les positions des thèses de l'Ecole nationale des chartes de 2000
ENCPOS_2001	Les positions des thèses de l'Ecole nationale des chartes de 2001
ENCPOS_2002	Les positions des thèses de l'Ecole nationale des chartes de 2002
ENCPOS_2003	Les positions des thèses de l'Ecole nationale des chartes de 2003
ENCPOS_2004	Les positions des thèses de l'Ecole nationale des chartes de 2004
ENCPOS_2005	Les positions des thèses de l'Ecole nationale des chartes de 2005
ENCPOS_2006	Les positions des thèses de l'Ecole nationale des chartes de 2006
ENCPOS_2007	Les positions des thèses de l'Ecole nationale des chartes de 2007
ENCPOS_2008	Les positions des thèses de l'Ecole nationale des chartes de 2008
ENCPOS_2009	Les positions des thèses de l'Ecole nationale des chartes de 2009
ENCPOS_2010	Les positions des thèses de l'Ecole nationale des chartes de 2010
ENCPOS_2011	Les positions des thèses de l'Ecole nationale des chartes de 2011
ENCPOS_2012	Les positions des thèses de l'Ecole nationale des chartes de 2012
ENCPOS_2013	Les positions des thèses de l'Ecole nationale des chartes de 2013
ENCPOS_2014	Les positions des thèses de l'Ecole nationale des chartes de 2014
ENCPOS_2015	Les positions des thèses de l'Ecole nationale des chartes de 2015
ENCPOS_2016	Les positions des thèses de l'Ecole nationale des chartes de 2016
ENCPOS_2017	Les positions des thèses de l'Ecole nationale des chartes de 2017
ENCPOS_2018	Les positions des thèses de l'Ecole nationale des chartes de 2018
ENCPOS_2019	Les positions des thèses de l'Ecole nationale des chartes de 2019
ENCPOS_2020	Les positions des thèses de l'Ecole nationale des chartes de 2020
ENCPOS_2021	Les positions des thèses de l'Ecole nationale des chartes de 2021
ENCPOS_2022	Les positions des thèses de l'Ecole nationale des chartes de 2022
ENCPOS_2023	Les positions des thèses de l'Ecole nationale des chartes de 2023
ENCPOS_2024	Les positions des thèses de l'Ecole nationale des chartes de 2024
